id;name;email;website;instagram;phone_number;country;speaks;resume;notes;created;updated
1;vaguely;Olin.Wintheiser@yahoo.com;ugh;renew while;with frankly;Azerbaijan;don;doff;gadzooks assuage induce;2023-11-13T19:02:01;2023-11-13T07:30:45
2;between;Hattie_Bernier30@gmail.com;miniature qua;catalyze hm geology;neglect apud geez;India;oof moulder;consequently;joyfully;2023-11-13T16:19:40;2023-11-13T00:20:39
3;statement;Brannon25@gmail.com;longitude weakly;blindly;spotless however;Central African Republic;kookily powerfully;daintily seat;fathom;2023-11-13T08:59:53;2023-11-13T18:08:34
4;enormously;Abigayle90@hotmail.com;gruesome brown;gee stratify;during exposure frustrate;Guam;hm rhubarb;jewellery monstrous;bag continually who;2023-11-13T20:45:30;2023-11-13T06:34:05
5;modulo blah;Kaelyn.Hackett-Strosin63@yahoo.com;scourge;exit;interview at;Reunion;vice even past;phooey unto for;wherever ugh;2023-11-12T23:59:19;2023-11-12T23:21:53
6;and yack eek;Francesco29@yahoo.com;commonly;when upon;er dimly;Bulgaria;yum athwart briskly;arrogantly instead once;brr victoriously;2023-11-13T10:34:39;2023-11-13T08:55:08
7;interface overdraw jolly;Cyril73@yahoo.com;however encash underneath;till;bad;El Salvador;daylight qua whose;gee miserably;sort;2023-11-12T23:16:30;2023-11-13T00:46:21
8;unlike;Julia63@yahoo.com;duh;silently;incarcerate;Nepal;and fast;guillotine caulk;why;2023-11-13T06:20:21;2023-11-13T01:48:18
9;amongst;Zackery.Gleason-Lehner50@hotmail.com;beneath whoever;as whoever instead;letter shocked wisely;Virgin Islands, U.S.;murmurings;dictionary overprint springboard;midst defensive sharply;2023-11-13T04:44:32;2023-11-13T13:18:10
10;infuriate;Friedrich.Langosh@yahoo.com;when enrapture;and multicolored homely;while once;American Samoa;successfully;annually sky geez;failing wonder;2023-11-13T15:19:52;2023-11-13T11:36:19
