id;name;surname;email;password;license
1;Alaska;utilize;Karine.Toy@yahoo.com;synergy transform;asymmetric Incredible empower
2;blue;Buckinghamshire bypass;Elwyn65@gmail.com;Investor Wyoming connect;panel
3;model;Kyrgyz New Tactics;Coralie43@hotmail.com;pixel SCSI Paradigm;Unbranded Kids intermediate
4;cyan Generic;Loan dedicated array;Jasper_Quigley79@hotmail.com;withdrawal;leverage Analyst
5;Frozen;Ergonomic Tasty compress;Walker44@gmail.com;Shilling;fuchsia
6;Concrete Small;bandwidth;Skyla4@hotmail.com;full-range blue Salad;Tactics Bahamas
7;Gloves International hacking;Tasty;Johnny.Gibson4@hotmail.com;PCI Loan;Pataca port Unbranded
8;connecting Wooden;Berkshire Wisconsin;Haven.Connelly@yahoo.com;navigating Buckinghamshire software;Kuwaiti Intelligent application
9;full-range robust;compelling;Aaliyah57@hotmail.com;Mississippi extend;Intuitive
10;invoice open Technician;supply-chains Games;Kaya.Rau13@gmail.com;mindshare Books gold;FTP zero input
