id;request_id;pin_code;email;created;expires
1;yippee;lever among since;Manley.Dare90@yahoo.com;2023-11-13T08:35:53;2023-11-13T10:33:14
2;boo even;energetically energetically of;Kareem75@gmail.com;2023-11-13T00:11:19;2023-11-13T07:07:02
3;across supposing;impolite;Elenora.Schmitt@gmail.com;2023-11-13T04:15:40;2023-11-13T07:45:00
4;past;pish in;Alycia.Wilderman84@gmail.com;2023-11-13T09:32:26;2023-11-12T22:18:33
5;fervently er;embitter;Loren.Tremblay@yahoo.com;2023-11-13T04:54:34;2023-11-12T22:48:46
6;knowledgeably provided whenever;energetic;Petra73@hotmail.com;2023-11-13T17:03:27;2023-11-13T10:54:23
7;ha;ocelot;Myrtis_Wintheiser@yahoo.com;2023-11-13T02:53:43;2023-11-13T00:25:53
8;rubbery;difficult likewise geez;Derek.Pouros@gmail.com;2023-11-13T17:51:46;2023-11-13T04:13:41
9;boastfully anticipate;joyously during;Cassandre.Koelpin44@yahoo.com;2023-11-13T20:37:51;2023-11-13T01:06:43
10;appear imperfect whoa;confute why bewitched;Estelle.Considine@yahoo.com;2023-11-13T13:51:59;2023-11-13T01:57:25
