id;code;title;created;released;archived
1;idolized reluctantly;mmm euphoric;2023-11-13T21:11:03;2023-11-12T23:27:41;2023-11-13T06:56:12
2;furthermore sedately;pixelate;2023-11-13T17:30:45;2023-11-13T11:28:21;2023-11-13T17:54:54
3;too spiteful;while phooey torte;2023-11-13T19:23:58;2023-11-13T10:25:51;2023-11-13T00:16:06
4;hence ew accidentally;sensitive;2023-11-13T00:22:26;2023-11-13T02:09:01;2023-11-13T17:23:57
5;for monthly;practitioner often chief;2023-11-13T11:43:06;2023-11-13T15:08:17;2023-11-13T16:37:54
6;searchingly;toward;2023-11-13T06:06:24;2023-11-13T17:24:38;2023-11-13T10:39:20
7;brave;proprietor kiss;2023-11-12T23:42:28;2023-11-13T02:53:11;2023-11-13T07:15:11
8;since;clearly runny;2023-11-13T16:24:08;2023-11-13T03:42:45;2023-11-13T19:16:55
9;decontrol;luxurious what teleoperate;2023-11-13T07:59:31;2023-11-13T20:19:05;2023-11-12T22:09:39
10;fulfillment pastel lovingly;manifestation conscientize;2023-11-13T09:58:56;2023-11-13T19:07:08;2023-11-13T08:57:08
