id;code;title;duration;language;player;thumbnail;url;audience;intensity;tags;filename;description;created;released;archived
1;facsimile noteworthy;personify;2419;FR;YOUTUBE;polarisation;https://conscious-bangle.org/;elicit around;winged parallel;ick and subsidise;round honour;aha consequently;2023-11-12T23:05:47;2023-11-13T01:18:51;2023-11-13T19:15:10
2;suborn oh across;without mechanically reoccur;4669;DE;PEECKO;memorialise inter;https://flawless-quartz.net/;forestall daring;flimsy a;undo phew triumphantly;since shakily;sofa atop yahoo;2023-11-13T06:55:35;2023-11-12T23:46:42;2023-11-13T14:53:19
3;helmet arise;naive oof;22845;EN;PEECKO;lest foolhardy yowza;https://feisty-method.biz/;highly;demineralize deeply wane;rigidly finally;agreement yuck sans;wide;2023-11-13T02:00:34;2023-11-13T20:26:53;2023-11-13T05:46:26
4;calendar finally;enthusiastically yuck foolishly;27765;ES;PEECKO;march vine past;https://sleepy-accounting.info/;quizzically proposal selfishly;although strange incidentally;fooey;as overconfidently what;partially;2023-11-13T12:50:08;2023-11-13T05:23:11;2023-11-13T00:08:36
5;revolve;over;22522;EN;PEECKO;cave hence instead;https://fatal-speculation.info;parable;villainous so report;fickle;though exhibition woot;gah trusty;2023-11-13T00:33:15;2023-11-13T08:53:07;2023-11-13T08:44:08
6;inside roost tickle;jeopardize;31183;ES;PEECKO;happening;https://stale-beak.net/;naturalize;where lest freeload;grim gondola clothing;boastfully;cast;2023-11-13T11:30:57;2023-11-13T12:35:16;2023-11-13T20:48:18
7;why between;generally;21384;ES;YOUTUBE;out plaintive silently;https://stupendous-spat.org;liquid up;provided;braai towards;whenever instead provided;attenuation descriptive;2023-11-13T20:12:25;2023-11-12T21:49:29;2023-11-13T02:50:14
8;carelessly while;emerald;2150;FR;YOUTUBE;willing;https://generous-tachometer.net;tenderly puddle;till;injure;oh;alongside likewise violet;2023-11-13T02:07:22;2023-11-13T09:31:55;2023-11-13T16:28:33
9;duh;diary;10656;ES;YOUTUBE;sticky perceive;https://tempting-replacement.biz/;skim;modest instantly sugary;however;sound woot;nestmate married shrilly;2023-11-12T22:46:05;2023-11-13T05:11:39;2023-11-12T23:44:33
10;indeed cannibal;tail unto meanwhile;11238;EN;YOUTUBE;amusing;https://icky-usual.net/;agglomerate yahoo;supposing;um;outnumber gah;as;2023-11-13T06:49:48;2023-11-13T01:24:32;2023-11-13T06:21:17
